,City,Country Code,Latitude,Longitude,Temperature,Humidity,Cloudiness,Wind Speed
0,hobart,au,-42.88,147.33,62.6,51.0,75.0,10.29
1,mareeba,au,-16.99,145.42,89.6,52.0,20.0,16.11
4,male,mv,50.74,33.7,28.13,98.0,92.0,4.99
5,marawi,sd,8.0,124.29,83.66,60.0,48.0,3.09
6,tura,ru,25.52,90.21,71.87,79.0,0.0,5.99
7,saint-augustin,ca,44.83,-0.61,48.2,93.0,0.0,6.93
8,tornio,fi,61.12,27.27,14.0,85.0,0.0,9.17
9,mayahi,ne,13.95,7.67,61.52,59.0,0.0,3.42
10,nouadhibou,mr,20.93,-17.03,62.6,88.0,0.0,14.99
11,vila velha,br,-3.71,-38.6,82.4,74.0,20.0,8.05
12,gushikawa,jp,26.35,127.87,75.2,64.0,75.0,16.11
13,krasnaya polyana,ru,45.47,34.13,44.6,94.0,64.0,13.6
14,sorland,no,67.67,12.69,32.63,100.0,64.0,4.54
15,joaquim gomes,br,-9.14,-35.75,75.2,94.0,20.0,2.24
16,muros,es,42.77,-9.06,42.8,93.0,75.0,9.17
17,marzuq,ly,14.4,46.47,45.32,83.0,0.0,2.08
19,butaritari,ki,3.07,172.79,83.12,100.0,92.0,12.03
20,caravelas,br,-17.73,-39.27,81.5,100.0,48.0,11.81
21,ribeira grande,pt,38.52,-28.7,59.0,100.0,88.0,16.06
22,cabo san lucas,mx,22.89,-109.91,75.2,41.0,40.0,3.36
23,verkhniy baskunchak,ru,48.23,46.72,20.3,88.0,36.0,14.5
24,garowe,so,8.41,48.48,61.43,96.0,8.0,5.66
25,puerto plata,do,19.79,-70.69,75.2,83.0,20.0,1.63
26,carnarvon,au,-30.97,22.13,52.97,73.0,44.0,2.98
27,mayo,ca,63.59,-135.9,44.6,45.0,75.0,3.36
28,nacala,mz,-14.56,40.69,81.23,100.0,80.0,7.45
29,ponta do sol,cv,-20.63,-46.0,71.42,80.0,36.0,5.77
30,alenquer,br,-1.95,-54.74,75.2,100.0,75.0,5.55
31,ignalina,lt,55.34,26.16,21.74,84.0,24.0,10.13
32,shenjiamen,cn,29.96,122.3,58.73,90.0,92.0,16.17
34,djambala,cg,-2.55,14.76,67.64,98.0,92.0,3.98
35,pouebo,nc,-20.4,164.57,84.11,78.0,80.0,11.81
37,chitral,pk,35.85,71.79,18.86,80.0,44.0,0.63
38,antalaha,mg,-14.9,50.28,76.37,99.0,92.0,16.62
39,peniche,pt,39.36,-9.38,53.6,76.0,75.0,10.29
40,oriximina,br,-1.77,-55.87,73.94,100.0,88.0,5.66
41,sarkand,kz,45.41,79.91,33.98,100.0,92.0,4.21
42,buraydah,sa,26.33,43.97,68.0,34.0,40.0,8.79
43,jamestown,sh,-33.21,138.6,69.71,95.0,0.0,2.64
44,sur,om,22.57,59.53,73.76,96.0,0.0,6.11
46,mount isa,au,-20.73,139.49,91.4,22.0,0.0,11.41
48,mecca,sa,21.43,39.83,75.2,50.0,0.0,2.53
49,yaan,cn,7.38,8.57,79.97,79.0,12.0,14.16
50,palu,id,-0.9,119.87,78.53,65.0,36.0,1.63
51,punta umbria,es,37.18,-6.97,56.84,95.0,80.0,17.74
52,rundu,na,-17.91,19.77,72.59,61.0,80.0,6.78
53,mandiana,gn,10.62,-8.7,69.71,92.0,56.0,9.8
54,katsina,ng,12.99,7.6,64.31,45.0,0.0,5.21
55,hauge,no,59.25,10.99,23.0,85.0,48.0,4.7
56,geraldton,au,49.72,-86.95,15.8,72.0,90.0,13.87
57,pevek,ru,69.7,170.27,-19.49,100.0,44.0,4.54
59,coahuayana,mx,18.62,-100.35,64.67,54.0,0.0,2.53
60,burhaniye,tr,39.51,26.98,50.0,81.0,75.0,8.05
61,petropavlovsk-kamchatskiy,ru,53.05,158.65,30.2,58.0,40.0,17.9
62,pisco,pe,-13.71,-76.2,71.6,73.0,0.0,2.24
63,vyazemskiy,ru,47.53,134.76,20.66,59.0,80.0,8.57
64,bandarbeyla,so,9.49,50.81,76.37,100.0,92.0,10.58
65,becerril,co,9.7,-73.28,69.71,91.0,8.0,0.07
66,nizhnevartovsk,ru,60.93,76.58,17.6,100.0,75.0,13.42
67,saint-gaudens,fr,43.11,0.72,42.8,93.0,0.0,3.36
68,xuddur,so,4.12,43.89,68.36,97.0,0.0,3.09
69,elda,es,38.48,-0.8,53.6,93.0,20.0,8.68
71,kapaa,us,22.08,-159.32,73.4,94.0,90.0,13.87
72,vilhena,br,-12.74,-60.15,71.6,100.0,0.0,3.36
73,port-gentil,ga,-0.72,8.78,80.33,100.0,80.0,7.0
74,rodrigues alves,br,-7.74,-72.65,77.0,94.0,75.0,3.36
75,cururupu,br,-1.82,-44.87,73.31,100.0,68.0,2.75
76,saint-prosper,ca,46.21,-70.48,26.42,85.0,88.0,4.43
77,half moon bay,us,37.46,-122.43,53.6,81.0,90.0,11.41
78,port antonio,jm,18.18,-76.45,80.6,74.0,20.0,10.29
79,nogales,us,31.34,-110.94,60.8,41.0,1.0,9.17
80,nantucket,us,41.28,-70.1,35.6,74.0,64.0,17.22
81,savannah bight,hn,16.45,-85.85,74.66,100.0,92.0,12.15
82,guanica,us,17.97,-66.91,73.4,88.0,5.0,13.15
83,sioux lookout,ca,50.1,-91.92,23.0,52.0,40.0,6.93
85,obera,ar,-27.49,-55.12,77.27,88.0,20.0,5.21
87,palmer,us,-34.85,139.16,69.8,46.0,75.0,4.7
88,praia,cv,-20.25,-43.81,65.03,85.0,36.0,3.09
89,andra,ru,62.52,65.89,22.73,85.0,88.0,5.55
90,havre-saint-pierre,ca,50.23,-63.6,32.0,90.0,90.0,16.11
91,oistins,bb,13.07,-59.53,78.8,74.0,20.0,20.8
92,rapallo,it,44.35,9.23,55.4,82.0,40.0,13.87
93,zhuhai,cn,40.71,112.04,32.0,33.0,0.0,6.71
94,amparafaravola,mg,-17.68,48.22,67.1,81.0,44.0,12.82
95,biu,ng,10.61,12.19,62.96,23.0,0.0,6.22
96,marsabit,ke,2.34,37.99,67.37,98.0,36.0,2.98
97,evensk,ru,61.92,159.24,-1.31,100.0,0.0,7.11
98,vardo,no,39.62,-77.74,35.6,47.0,90.0,14.99
99,gwadar,pk,25.12,62.33,71.24,100.0,36.0,5.1
100,mahebourg,mu,-20.41,57.7,80.6,74.0,90.0,19.46
101,sapa,ph,14.32,120.76,82.4,65.0,40.0,5.82
102,bud,no,62.91,6.91,33.8,58.0,36.0,13.87
103,mae sai,th,20.44,99.89,69.8,88.0,56.0,3.36
104,beruwala,lk,6.48,79.98,80.6,100.0,32.0,5.77
105,vao,nc,59.1,26.19,19.49,81.0,36.0,8.79
106,acapulco,mx,16.86,-99.88,78.8,88.0,5.0,4.7
107,mount gambier,au,-37.83,140.78,69.53,57.0,24.0,5.55
108,kunashak,ru,55.7,61.55,24.8,38.0,20.0,6.71
110,norman wells,ca,65.28,-126.83,32.0,93.0,75.0,5.82
111,windhoek,na,-22.57,17.08,68.0,52.0,12.0,2.24
112,lakes entrance,au,-37.88,147.99,66.65,82.0,36.0,7.67
114,kodinsk,ru,58.6,99.18,11.93,61.0,64.0,3.53
115,anadyr,ru,64.73,177.51,-11.21,76.0,90.0,24.61
116,flinders,au,-34.58,150.85,89.6,31.0,40.0,11.41
117,kisaran,id,2.98,99.62,83.39,79.0,88.0,2.42
118,lowestoft,gb,52.48,1.75,44.6,75.0,44.0,20.8
119,tchaourou,bj,8.89,2.6,77.27,76.0,0.0,8.79
120,rikitea,pf,-23.12,-134.97,82.13,99.0,0.0,8.23
121,sheridan,us,39.65,-105.03,53.6,33.0,40.0,11.41
122,san rafael,ar,-34.61,-68.33,64.49,14.0,0.0,13.6
124,boysun,uz,38.2,67.2,29.03,91.0,76.0,1.74
125,aklavik,ca,68.22,-135.01,24.8,73.0,75.0,9.17
126,yellowknife,ca,62.45,-114.38,33.8,64.0,40.0,5.82
127,puerto ayora,ec,-0.74,-90.35,76.91,100.0,80.0,2.53
130,pochutla,mx,15.74,-96.47,80.24,100.0,32.0,8.01
131,chute-aux-outardes,ca,49.12,-68.38,32.0,89.0,90.0,6.93
132,alofi,nu,-19.06,-169.92,84.2,58.0,75.0,9.17
133,hervey bay,au,-25.3,152.85,79.79,87.0,44.0,16.73
134,bambous virieux,mu,-20.34,57.76,80.6,74.0,90.0,19.46
136,agde,fr,43.31,3.47,55.4,87.0,90.0,19.46
137,sinnamary,gf,5.38,-52.96,78.62,98.0,92.0,13.27
138,lagoa,pt,37.14,-8.45,57.2,82.0,40.0,14.99
140,georgiyevka,kz,52.25,40.45,34.34,95.0,92.0,14.72
141,bar harbor,us,44.39,-68.2,33.8,100.0,90.0,4.7
142,yarensk,ru,62.17,49.09,28.31,88.0,92.0,9.46
143,lavrentiya,ru,65.58,-170.99,7.7,100.0,88.0,9.46
144,dikson,ru,73.51,80.55,-6.35,100.0,48.0,28.59
145,kaitangata,nz,-46.28,169.85,69.8,49.0,64.0,13.49
146,sun valley,us,43.7,-114.35,35.6,93.0,90.0,5.82
147,fortuna,us,38.18,-1.13,53.6,93.0,20.0,12.59
148,sorong,id,-0.86,131.25,84.47,99.0,12.0,5.99
149,mehamn,no,71.03,27.85,13.73,80.0,44.0,7.11
150,birjand,ir,32.86,59.22,41.0,44.0,0.0,4.7
151,boyolangu,id,-8.09,111.9,82.13,78.0,68.0,6.55
152,damaturu,ng,11.75,11.96,64.13,26.0,0.0,6.67
153,gafargaon,bd,24.46,90.55,78.8,78.0,0.0,5.82
154,linxia,cn,35.6,103.21,48.92,32.0,0.0,3.09
155,khorramshahr,ir,30.43,48.18,52.97,49.0,0.0,3.76
157,kytmanovo,ru,53.46,85.45,3.56,63.0,44.0,2.98
158,paita,pe,-5.09,-81.11,74.21,76.0,56.0,5.55
159,maragogi,br,-9.01,-35.22,73.49,99.0,8.0,4.99
160,tchibanga,ga,-2.92,11.0,71.06,95.0,64.0,1.97
162,sobolevo,ru,54.43,31.9,30.11,95.0,92.0,15.73
164,luderitz,na,-26.65,15.16,60.8,87.0,0.0,13.87
165,trelew,ar,-43.25,-65.31,55.4,28.0,0.0,16.17
166,salamanca,cl,40.97,-5.66,40.46,98.0,68.0,17.07
167,gornopravdinsk,ru,60.06,69.92,22.37,91.0,92.0,7.11
168,cuamba,mz,-14.8,36.54,67.55,97.0,48.0,2.75
169,saint anthony,ca,43.97,-111.68,32.0,99.0,90.0,8.05
170,deputatskiy,ru,69.3,139.9,-19.85,54.0,36.0,3.98
171,grindavik,is,63.84,-22.43,44.6,75.0,0.0,12.75
172,tucumcari,us,35.17,-103.73,62.6,27.0,1.0,18.34
174,kavaratti,in,10.57,72.64,78.26,100.0,92.0,21.54
175,san marcos de colon,hn,13.43,-86.8,83.93,46.0,0.0,9.8
176,mount darwin,zw,-16.77,31.58,67.19,93.0,80.0,2.75
177,nyurba,ru,63.29,118.35,-0.14,65.0,48.0,3.76
179,mahajanga,mg,-15.72,46.32,77.0,88.0,20.0,2.24
180,zhangjiakou,cn,40.77,114.88,27.86,71.0,36.0,9.8
181,kruisfontein,za,-34.0,24.73,66.11,95.0,56.0,8.12
182,abha,sa,18.22,42.5,59.0,58.0,0.0,9.17
183,kaeo,nz,-35.1,173.78,70.07,62.0,92.0,6.78
184,letlhakane,bw,-21.42,25.59,61.34,81.0,0.0,3.53
185,tuktoyaktuk,ca,69.44,-133.03,15.8,92.0,90.0,25.28
186,hettstedt,de,51.65,11.5,32.0,97.0,20.0,8.05
187,qasigiannguit,gl,68.82,-51.19,3.2,84.0,80.0,4.43
188,meadow lake,ca,54.13,-108.44,27.95,77.0,0.0,11.7
189,viedma,ar,-40.81,-62.99,45.86,93.0,48.0,10.25
190,torbay,ca,47.66,-52.73,33.8,90.0,20.0,12.75
191,orlik,ru,52.51,99.83,10.76,52.0,0.0,2.53
192,vaini,to,15.34,74.49,77.36,58.0,56.0,2.75
193,verkhnevilyuysk,ru,63.45,120.31,-1.22,68.0,24.0,3.2
194,vostok,ru,46.45,135.83,23.99,73.0,92.0,4.99
195,taoudenni,ml,22.68,-3.98,59.45,27.0,24.0,2.75
196,octeville,fr,49.63,-1.64,46.4,93.0,90.0,12.75
197,tiksi,ru,71.64,128.87,-21.92,64.0,44.0,4.43
198,oranjemund,na,-28.55,16.43,62.96,100.0,68.0,5.66
200,yurgamysh,ru,55.37,64.47,20.66,85.0,48.0,11.7
201,les cayes,ht,18.19,-73.75,77.54,100.0,0.0,9.13
202,montepuez,mz,-13.13,39.0,66.92,97.0,88.0,2.75
203,labuan,my,5.28,115.24,86.0,74.0,75.0,3.36
204,serik,tr,36.92,31.1,50.0,93.0,40.0,8.05
205,butterworth,za,5.4,100.37,87.8,66.0,75.0,5.82
206,kaspiyskiy,ru,45.39,47.37,35.96,87.0,92.0,21.21
207,isangel,vu,-19.55,169.27,83.84,96.0,12.0,12.15
208,mosquera,co,4.71,-74.23,53.6,81.0,40.0,2.24
209,hofn,is,64.25,-15.21,39.11,100.0,92.0,24.56
210,raudeberg,no,61.99,5.14,35.6,51.0,68.0,11.41
211,hermanus,za,-34.42,19.24,60.44,99.0,92.0,4.21
212,dunedin,nz,-45.87,170.5,68.45,53.0,56.0,10.58
213,waipawa,nz,-39.94,176.59,67.64,61.0,44.0,13.49
214,khash,ir,28.22,61.21,39.74,76.0,0.0,2.75
215,birecik,tr,37.03,37.98,42.8,93.0,75.0,6.93
216,araxa,br,-19.59,-46.94,70.07,80.0,44.0,5.55
218,tamiahua,mx,21.28,-97.45,67.19,100.0,92.0,3.76
219,banff,ca,51.18,-115.57,26.87,93.0,64.0,1.74
220,dong hoi,vn,17.48,106.6,74.21,91.0,0.0,10.69
221,riberalta,bo,-11.0,-66.08,72.41,95.0,0.0,2.42
223,ambulu,id,-8.35,113.61,83.03,100.0,20.0,2.53
224,sola,vu,62.78,29.36,14.0,85.0,0.0,12.75
225,eyrarbakki,is,63.86,-21.15,44.6,52.0,0.0,19.46
226,boulder city,us,35.98,-114.83,64.4,30.0,40.0,19.46
227,neuquen,ar,-38.95,-68.06,55.4,37.0,0.0,6.93
228,aasiaat,gl,68.71,-52.87,11.57,100.0,80.0,9.69
229,ixtapa,mx,20.71,-105.21,73.4,100.0,5.0,2.08
230,hailun,cn,47.46,126.97,16.34,82.0,0.0,14.72
231,watertown,us,44.9,-97.12,30.2,86.0,1.0,6.93
232,cape town,za,-33.93,18.42,62.6,72.0,75.0,16.11
233,exeter,gb,50.73,-3.53,46.4,93.0,40.0,4.7
234,dongning,cn,44.06,131.12,25.07,70.0,92.0,10.02
235,fallon,us,46.84,-105.12,35.6,80.0,1.0,12.75
236,coffs harbour,au,-30.3,153.13,78.8,65.0,0.0,10.29
237,north platte,us,41.12,-100.77,46.4,52.0,1.0,9.17
238,thompson,ca,55.74,-97.86,10.4,46.0,75.0,5.82
239,dicabisagan,ph,17.08,122.42,79.43,96.0,8.0,3.76
240,horana,lk,6.72,80.06,80.6,74.0,32.0,2.24
241,udomlya,ru,57.88,35.0,23.72,92.0,48.0,15.17
242,barreiras,br,-12.14,-45.0,69.08,96.0,56.0,2.75
243,mishelevka,ru,52.86,103.17,12.56,64.0,0.0,4.21
244,ayan,ru,40.67,33.6,32.27,100.0,44.0,2.53
245,ancud,cl,-41.87,-73.83,51.53,74.0,92.0,7.45
246,walvis bay,na,-22.95,14.51,59.0,93.0,12.0,3.36
247,boa vista,br,2.82,-60.67,82.4,58.0,0.0,11.41
248,souillac,mu,45.6,-0.6,48.2,93.0,0.0,9.17
249,chabahar,ir,25.29,60.65,71.33,100.0,0.0,7.0
250,barrow,us,-38.31,-60.23,56.21,60.0,92.0,25.57
252,vanavara,ru,60.35,102.28,7.34,75.0,44.0,3.76
254,arraial do cabo,br,-22.97,-42.02,79.52,88.0,88.0,18.75
256,ledenice,cz,48.93,14.62,32.27,90.0,8.0,5.99
257,kargasok,ru,59.06,80.87,12.92,78.0,88.0,6.22
258,hilo,us,19.71,-155.08,73.4,94.0,90.0,14.16
259,poitiers,fr,46.58,0.34,46.4,100.0,90.0,8.05
260,bambanglipuro,id,-7.95,110.28,85.37,69.0,20.0,4.21
261,saldanha,za,41.42,-6.55,42.62,99.0,92.0,16.17
262,san carlos de bariloche,ar,-41.13,-71.31,42.8,60.0,20.0,14.99
263,westport,nz,53.8,-9.52,46.04,96.0,56.0,11.7
264,belyy yar,ru,53.6,91.39,6.8,71.0,24.0,2.19
265,atasu,kz,48.68,71.64,13.46,67.0,0.0,4.54
266,bredasdorp,za,-34.53,20.04,62.6,88.0,92.0,6.93
267,west bay,ky,50.71,-2.76,48.2,93.0,75.0,9.17
268,krutikha,ru,53.96,81.21,3.02,65.0,0.0,4.09
269,kavieng,pg,-2.57,150.8,83.48,100.0,68.0,7.67
270,moba,cd,-7.04,29.77,66.83,100.0,32.0,1.74
272,el dorado,co,6.71,-61.64,77.18,67.0,20.0,5.1
273,ntoum,ga,0.39,9.76,78.8,94.0,75.0,11.41
274,poum,nc,41.28,20.71,28.76,91.0,48.0,1.74
275,takapau,nz,-40.02,176.35,67.64,61.0,44.0,13.49
276,basco,ph,40.33,-91.2,51.8,39.0,1.0,12.75
277,longyearbyen,sj,78.22,15.63,3.2,84.0,0.0,3.36
279,axim,gh,4.87,-2.24,81.68,100.0,0.0,10.58
280,tual,id,-5.67,132.75,78.89,100.0,76.0,20.87
281,yar-sale,ru,66.83,70.83,-21.83,64.0,0.0,3.98
282,mercedes,ar,-33.25,-58.03,67.01,100.0,92.0,10.47
283,tanout,ne,14.97,8.88,62.33,23.0,0.0,5.21
284,saskylakh,ru,71.97,114.09,-33.8,61.0,12.0,5.99
285,cockburn town,tc,21.46,-71.14,78.44,97.0,8.0,3.2
286,sokolo,ml,14.74,-6.12,73.31,26.0,0.0,8.68
287,coihaique,cl,-45.58,-72.07,46.4,65.0,90.0,5.82
288,tuatapere,nz,-46.13,167.69,60.71,94.0,48.0,20.54
289,ciudad bolivar,ve,8.12,-63.55,82.22,55.0,0.0,16.51
290,port elizabeth,za,39.31,-74.98,35.6,47.0,90.0,24.16
291,shangrao,cn,28.45,117.97,64.94,93.0,92.0,2.08
292,sturgis,us,44.41,-103.51,48.2,39.0,12.0,14.99
293,powassan,ca,46.08,-79.36,24.8,68.0,90.0,6.93
294,hamilton,us,32.3,-64.78,66.2,63.0,75.0,24.16
295,provideniya,ru,64.42,-173.23,5.0,71.0,90.0,8.95
296,det udom,th,14.9,105.08,77.0,88.0,40.0,6.93
298,baiima,sl,8.11,-11.85,74.03,94.0,24.0,2.98
299,myanaung,mm,18.28,95.32,82.76,56.0,0.0,3.65
300,saint george,bm,39.45,22.34,44.6,70.0,0.0,8.05
301,chumikan,ru,54.72,135.31,10.49,53.0,24.0,3.65
302,rudsar,ir,37.14,50.29,50.0,87.0,75.0,2.75
303,tambun,id,4.62,101.14,84.2,74.0,75.0,4.7
304,avarua,ck,-21.21,-159.78,82.4,69.0,75.0,8.05
305,codrington,ag,-28.95,153.24,76.46,72.0,8.0,8.23
306,iqaluit,ca,63.75,-68.52,-9.41,69.0,20.0,19.46
307,luena,ao,-11.78,19.91,60.44,93.0,32.0,2.19
308,mazagao,br,-0.12,-51.29,77.0,100.0,90.0,2.24
309,vestmannaeyjar,is,63.44,-20.27,42.53,87.0,88.0,27.58
310,beloha,mg,-25.17,45.06,71.6,85.0,0.0,4.43
311,svetlogorsk,ru,53.14,59.15,21.2,37.0,0.0,13.42
312,caapucu,py,-26.22,-57.2,80.42,88.0,36.0,8.68
313,vanimo,pg,-2.67,141.3,79.16,100.0,88.0,9.57
314,georgetown,sh,6.8,-58.16,73.4,94.0,0.0,4.7
315,sao joao da barra,br,-21.64,-41.05,80.69,98.0,68.0,20.76
317,rodbyhavn,dk,54.65,11.35,34.16,98.0,80.0,18.3
318,qaanaaq,gl,77.48,-69.36,-10.4,100.0,36.0,0.96
319,lalsot,in,26.56,76.33,75.2,36.0,20.0,6.93
321,piacabucu,br,-10.41,-36.43,73.85,95.0,0.0,7.45
322,tervel,bg,43.43,26.76,40.19,96.0,56.0,3.76
323,kirakira,sb,-10.46,161.92,81.41,100.0,88.0,8.46
324,mataura,pf,-46.19,168.86,62.96,75.0,92.0,23.33
325,san quintin,mx,17.54,120.52,86.0,55.0,20.0,4.7
326,fayaoue,nc,-20.65,166.53,82.85,96.0,32.0,15.05
327,riyadh,sa,24.63,46.72,71.6,49.0,0.0,6.93
328,bonthe,sl,7.53,-12.5,78.08,90.0,20.0,3.53
331,tabou,ci,4.42,-7.36,80.96,100.0,36.0,9.13
333,port moresby,pg,-9.47,147.16,81.41,100.0,68.0,8.57
334,komsomolskiy,ru,67.55,63.78,-27.5,42.0,12.0,2.98
336,arkhangelsk,ru,64.54,40.54,10.4,85.0,90.0,17.9
337,punta arenas,cl,-53.16,-70.91,42.8,70.0,36.0,5.82
338,altinopolis,br,-21.03,-47.37,80.6,74.0,0.0,3.36
339,khandyga,ru,62.65,135.58,-4.73,53.0,48.0,3.65
340,cherskiy,ru,68.75,161.3,-16.88,50.0,24.0,5.1
341,atar,mr,20.52,-13.05,66.02,33.0,76.0,5.21
342,pospelikha,ru,51.99,81.83,14.81,87.0,76.0,4.21
343,galle,lk,29.74,-97.91,62.6,33.0,1.0,4.7
344,pokhara,np,28.21,83.99,53.69,80.0,92.0,2.19
345,amga,ru,60.89,131.98,-1.22,56.0,36.0,3.65
346,ushuaia,ar,-54.81,-68.31,42.8,75.0,40.0,12.75
347,saint-philippe,re,45.36,-73.48,32.0,93.0,90.0,9.17
348,lima,pe,-12.06,-77.04,60.8,82.0,32.0,1.07
349,meiganga,cm,6.52,14.29,69.71,72.0,88.0,4.09
350,parrita,cr,9.52,-84.33,69.8,68.0,40.0,12.75
351,porto murtinho,br,-21.7,-57.88,86.27,60.0,0.0,10.47
352,yulara,au,-25.24,130.99,89.6,11.0,0.0,9.17
353,saint-joseph,re,43.56,6.97,50.0,87.0,90.0,3.36
354,emerald,au,-23.53,148.16,87.17,44.0,0.0,10.02
355,tucuman,ar,-17.17,-70.89,55.13,81.0,0.0,1.74
356,namatanai,pg,-3.66,152.44,84.29,97.0,68.0,10.02
357,nabire,id,-3.36,135.5,80.69,79.0,48.0,2.64
358,deming,us,32.27,-107.76,60.8,31.0,1.0,4.7
359,cayenne,gf,4.94,-52.33,78.8,78.0,90.0,10.29
360,pasighat,in,28.06,95.33,67.91,67.0,0.0,1.07
361,port blair,in,11.67,92.75,83.12,100.0,0.0,8.46
363,vila franca do campo,pt,37.72,-25.43,51.8,71.0,20.0,8.05
365,klaksvik,fo,62.23,-6.59,42.8,87.0,92.0,39.15
366,katangli,ru,51.71,143.23,13.01,100.0,76.0,10.69
367,avera,pf,33.19,-82.53,46.4,41.0,1.0,4.7
368,shimoda,jp,34.7,138.93,66.2,72.0,75.0,20.8
369,alice town,bs,25.72,-79.3,69.35,100.0,0.0,17.07
370,conakry,gn,9.52,-13.7,80.6,83.0,40.0,6.93
371,faanui,pf,-16.48,-151.75,83.12,99.0,76.0,8.01
372,porto novo,cv,-23.68,-45.44,69.8,94.0,75.0,5.82
373,redlands,us,34.06,-117.19,66.2,54.0,75.0,9.17
374,salinas,us,36.67,-121.66,51.8,76.0,1.0,5.82
375,kang,bw,-23.67,22.79,61.07,66.0,0.0,3.2
376,labuhan,id,-2.54,115.51,84.29,74.0,32.0,3.09
377,ghugus,in,19.93,79.13,83.57,42.0,88.0,4.99
378,voh,nc,-20.95,164.69,83.57,85.0,68.0,7.45
379,harper,lr,30.3,-99.24,57.2,30.0,1.0,5.82
380,oss,nl,51.77,5.51,42.8,86.0,90.0,11.41
381,hailar,cn,49.2,119.7,12.29,93.0,0.0,7.67
382,severo-kurilsk,ru,50.68,156.12,26.78,100.0,44.0,27.58
383,qiongshan,cn,20.01,110.35,75.2,78.0,0.0,6.71
384,komsomolets,kz,52.77,41.29,30.47,92.0,92.0,15.84
385,pangnirtung,ca,66.15,-65.72,-9.5,84.0,24.0,6.44
386,zaigrayevo,ru,51.83,108.27,1.4,64.0,0.0,4.43
387,portage,us,42.2,-85.58,41.0,76.0,1.0,5.82
388,kajaani,fi,64.22,27.73,-0.41,84.0,0.0,3.36
389,puerto del rosario,es,28.5,-13.86,64.4,77.0,68.0,5.82
390,ambon,id,47.55,-2.56,50.0,93.0,75.0,13.87
391,daru,pg,7.99,-10.85,72.14,95.0,68.0,2.42
393,mbengwi,cm,6.0,10.01,57.83,94.0,32.0,2.42
394,puri,in,-7.54,112.45,82.13,78.0,68.0,6.55
395,assiniboia,ca,49.63,-105.99,25.43,84.0,0.0,15.84
396,poso,id,-1.4,120.75,82.04,100.0,36.0,2.75
397,tigil,ru,57.8,158.67,9.23,84.0,64.0,9.46
398,kahului,us,20.89,-156.47,82.4,65.0,40.0,13.87
399,sassandra,ci,4.95,-6.09,81.41,97.0,80.0,10.8
400,aykhal,ru,65.95,111.51,-10.22,66.0,0.0,3.09
401,birao,cf,10.3,22.78,66.29,29.0,0.0,8.01
402,jipijapa,ec,-1.35,-80.58,75.2,88.0,40.0,2.24
403,thunder bay,ca,48.41,-89.26,32.0,67.0,90.0,10.29
404,chicama,pe,-7.84,-79.15,68.0,88.0,20.0,8.05
405,dakar,sn,14.69,-17.45,68.0,88.0,0.0,8.05
406,upernavik,gl,72.79,-56.15,5.09,100.0,56.0,7.45
407,mar del plata,ar,-46.43,-67.52,50.99,61.0,36.0,10.58
408,plettenberg bay,za,-34.05,23.37,67.19,100.0,92.0,9.57
410,nargana,pa,9.44,-78.59,79.88,100.0,92.0,16.06
411,meulaboh,id,4.14,96.13,80.87,100.0,44.0,2.19
412,salinopolis,br,-0.61,-47.36,78.98,100.0,92.0,10.69
413,florence,us,34.8,-87.68,41.0,48.0,1.0,3.36
416,castro,cl,-42.48,-73.76,50.54,82.0,92.0,7.11
417,tombouctou,ml,16.77,-3.01,69.35,27.0,0.0,7.45
418,chokurdakh,ru,70.62,147.9,-18.05,53.0,48.0,15.73
419,gazojak,tm,41.19,61.4,20.39,91.0,0.0,7.56
420,petaling jaya,my,3.11,101.64,86.0,66.0,75.0,2.24
421,tongliao,cn,43.61,122.27,25.07,86.0,0.0,13.82
422,plainview,us,34.18,-101.71,60.8,34.0,1.0,11.41
423,victoria,sc,5.28,115.24,86.0,74.0,75.0,3.36
424,yanahuanca,pe,-10.49,-76.52,41.63,100.0,92.0,2.53
425,ahipara,nz,-35.17,173.16,70.34,73.0,80.0,4.76
426,new norfolk,au,-42.78,147.06,62.6,51.0,75.0,10.29
427,rawson,ar,-43.3,-65.11,55.4,28.0,0.0,16.17
428,hambantota,lk,6.12,81.12,81.23,100.0,48.0,5.99
429,broome,au,52.47,1.45,46.4,75.0,56.0,20.8
430,araouane,ml,18.9,-3.53,70.97,21.0,48.0,4.65
431,mackay,au,53.65,-115.58,28.4,63.0,75.0,9.17
432,antofagasta,cl,-23.65,-70.4,64.4,82.0,0.0,5.82
433,gouyave,gd,12.16,-61.73,78.8,83.0,40.0,17.22
435,inta,ru,66.04,60.13,-7.97,63.0,44.0,6.44
436,biak,id,-0.91,122.88,84.92,85.0,64.0,2.53
437,charters towers,au,-20.07,146.27,83.21,80.0,0.0,4.54
438,zhanakorgan,kz,43.91,67.25,23.99,85.0,80.0,5.44
439,cabra,ph,37.47,-4.43,51.8,93.0,92.0,12.75
441,grand-santi,gf,4.27,-54.38,77.81,73.0,24.0,4.21
442,clyde river,ca,70.47,-68.59,-25.61,67.0,1.0,16.11
443,quatre cocos,mu,-20.21,57.76,80.6,74.0,90.0,18.34
444,ngawen,id,-7.02,111.3,86.54,74.0,8.0,4.21
445,bukama,cd,-9.2,25.85,67.91,98.0,80.0,4.21
446,tyukhtet,ru,56.54,89.31,-0.23,65.0,0.0,4.76
447,pacific grove,us,36.62,-121.92,51.8,81.0,40.0,4.7
449,chuy,uy,-33.69,-53.46,71.15,81.0,56.0,18.86
450,anton lizardo,mx,19.05,-95.98,69.8,88.0,90.0,4.7
451,tupik,ru,54.43,119.94,12.83,39.0,8.0,4.76
452,hovd,mn,63.83,10.7,24.8,78.0,0.0,9.17
453,srem,pl,42.05,26.48,45.59,100.0,92.0,3.09
454,sao filipe,cv,14.9,-24.5,70.43,98.0,0.0,17.52
456,east london,za,-33.02,27.91,66.2,77.0,0.0,4.7
457,richards bay,za,-28.77,32.06,74.03,96.0,68.0,3.76
459,kribi,cm,2.94,9.91,75.47,99.0,92.0,3.09
461,teguldet,ru,57.31,88.17,3.83,81.0,32.0,6.44
463,nieuw amsterdam,sr,5.88,-55.08,73.4,94.0,0.0,1.12
464,herten,de,51.59,7.14,41.0,91.0,0.0,9.17
466,ilulissat,gl,69.22,-51.1,3.2,84.0,80.0,4.43
467,pasni,pk,25.26,63.48,73.94,95.0,0.0,5.44
468,constitucion,mx,23.99,-104.67,66.2,21.0,5.0,13.87
469,leningradskiy,ru,69.38,178.42,-15.8,100.0,32.0,2.98
471,liwale,tz,-9.8,37.92,68.27,98.0,44.0,3.98
472,aquiraz,br,-3.9,-38.39,82.4,74.0,20.0,8.05
473,gongzhuling,cn,43.5,124.81,19.76,93.0,0.0,16.84
474,kushima,jp,31.5,131.29,66.2,63.0,40.0,5.82
475,douentza,ml,15.01,-2.95,63.77,61.0,0.0,2.75
476,along,in,28.17,94.8,64.85,63.0,0.0,2.08
477,ohara,jp,35.12,135.83,69.8,45.0,20.0,8.05
478,chapais,ca,49.78,-74.86,28.4,68.0,90.0,11.41
479,kodiak,us,39.95,-94.76,50.0,39.0,1.0,5.82
480,khatanga,ru,71.98,102.47,-30.11,50.0,0.0,8.12
481,bluff,nz,-23.58,149.07,89.24,41.0,0.0,8.01
482,bethel,us,60.79,-161.76,15.8,92.0,90.0,9.17
483,cay,tr,38.59,31.03,37.67,99.0,8.0,2.53
485,najran,sa,17.54,44.22,62.6,42.0,0.0,2.98
486,guerrero negro,mx,27.97,-114.04,60.53,94.0,32.0,14.05
487,mokhsogollokh,ru,61.4,128.95,0.86,51.0,44.0,4.21
488,olinda,br,-2.03,-79.75,78.8,78.0,75.0,10.29
489,srednekolymsk,ru,67.46,153.71,-17.15,50.0,44.0,3.42
490,bilibino,ru,68.06,166.44,-18.32,51.0,12.0,3.09
491,kudahuvadhoo,mv,2.67,72.89,83.21,100.0,88.0,10.69
492,omboue,ga,-1.57,9.26,82.31,100.0,64.0,9.69
493,maniitsoq,gl,65.42,-52.9,12.38,85.0,76.0,3.98
495,hithadhoo,mv,-0.6,73.08,82.94,100.0,88.0,7.67
496,ostrovnoy,ru,68.05,39.51,-5.18,68.0,0.0,2.98
499,beihai,cn,38.95,121.19,33.8,74.0,75.0,20.13
